Mcarthur2024,Team01.hcmus
Andrew6,Team01.hcmus
Dane275,Team01.hcmus
Nickie1976,Team01.hcmus
Leon2002,Team01.hcmus
Brito2018,Team01.hcmus
Bateman2015,Team01.hcmus
Paris1960,Team01.hcmus
Andrea2001,Team01.hcmus
Synthia63,Team01.hcmus
Dillon1960,Team01.hcmus
Darryl1992,Team01.hcmus
Aron1969,Team01.hcmus
Lindsy451,Team01.hcmus
Merle1985,Team01.hcmus
Mead1968,Team01.hcmus
Youngblood1969,Team01.hcmus
Dwayne2017,Team01.hcmus
Ames2022,Team01.hcmus
Barkley2005,Team01.hcmus
Cythia1962,Team01.hcmus
Giron1950,Team01.hcmus
Aurelio38,Team01.hcmus
Pierre5,Team01.hcmus
Arlen942,Team01.hcmus
Bret511,Team01.hcmus
Frieda483,Team01.hcmus
Burchett878,Team01.hcmus
Fournier1987,Team01.hcmus
Clemons1986,Team01.hcmus
Norene1970,Team01.hcmus
Michale1992,Team01.hcmus
Acker2000,Team01.hcmus
Abrams9,Team01.hcmus
Ardath1,Team01.hcmus
Augustine2022,Team01.hcmus
Burl2,Team01.hcmus
Miguel6,Team01.hcmus
Markus744,Team01.hcmus
Aracelis2011,Team01.hcmus
Abigail53,Team01.hcmus
Adah1951,Team01.hcmus
Arthur735,Team01.hcmus
Broussard781,Team01.hcmus
Arden1983,Team01.hcmus
Hassell6,Team01.hcmus
Chong1998,Team01.hcmus
Lionel2006,Team01.hcmus
Aline675,Team01.hcmus
Jesus2007,Team01.hcmus
Margarita1998,Team01.hcmus
Word1964,Team01.hcmus
Alysia453,Team01.hcmus
Abreu2025,Team01.hcmus
Aldrich1,Team01.hcmus
Rosalind8,Team01.hcmus
Brito1960,Team01.hcmus
Thrash437,Team01.hcmus
Warren1978,Team01.hcmus
Ackerman3,Team01.hcmus
Olin1965,Team01.hcmus
Abby1996,Team01.hcmus
Isaura2029,Team01.hcmus
Nina1974,Team01.hcmus
Abbott272,Team01.hcmus
Letty911,Team01.hcmus
Ada1999,Team01.hcmus
Leigh6,Team01.hcmus
Adam72,Team01.hcmus
Garry2007,Team01.hcmus
Faison1963,Team01.hcmus
Kellum2028,Team01.hcmus
Villareal2011,Team01.hcmus
Keenan1979,Team01.hcmus
Breanne1978,Team01.hcmus
Deana1957,Team01.hcmus
Abe373,Team01.hcmus
Allman1958,Team01.hcmus
Lamont72,Team01.hcmus
Wofford184,Team01.hcmus
Dean31,Team01.hcmus
Robins2029,Team01.hcmus
Dean2026,Team01.hcmus
Darron29,Team01.hcmus
Ethyl1999,Team01.hcmus
Hartmann588,Team01.hcmus
Alejandro315,Team01.hcmus
Darnell986,Team01.hcmus
Olin4,Team01.hcmus
Bouchard2004,Team01.hcmus
Venice2004,Team01.hcmus
Billy1998,Team01.hcmus
Mcmillian86,Team01.hcmus
Dyson2021,Team01.hcmus
Spurlock2001,Team01.hcmus
Abbie1958,Team01.hcmus
Townes2000,Team01.hcmus
Alejandra456,Team01.hcmus
Marisha2,Team01.hcmus
Izetta1978,Team01.hcmus